{"cameraMode":{"drawMode":0,"name":"Shaded","section":"Shading Mode"},"sceneLighting":false,"audioPlay":false,"sceneViewState":{"showFog":true,"showMaterialUpdate":false,"showSkybox":true,"showFlares":true,"showImageEffects":true,"showParticleSystems":true},"in2DMode":false,"pivot":{"x":-4.66389274597168,"y":45.90494918823242,"z":21.40336799621582},"rotation":{"x":0.2496548891067505,"y":0.6414600610733032,"z":-0.23313619196414948,"w":0.6869126558303833},"size":4.728641510009766,"orthographic":false}