{"cameraMode":{"drawMode":0,"name":"Shaded","section":"Shading Mode"},"sceneLighting":false,"audioPlay":false,"sceneViewState":{"showFog":true,"showMaterialUpdate":false,"showSkybox":true,"showFlares":true,"showImageEffects":true,"showParticleSystems":true},"in2DMode":false,"pivot":{"x":50.27787399291992,"y":152.87997436523438,"z":-228.93655395507813},"rotation":{"x":-0.14081133902072907,"y":-0.857597827911377,"z":0.3204600512981415,"w":-0.37683361768722536},"size":4.956831932067871,"orthographic":false}